code,title,meta
MNG93215,Human Resource Management (Online) (2020),Unit type: PG Coursework UnitCredit points: 12AQF level:  9Level of learning:  Advanced        
ISY93210,Managing Digital Enterprise (Online) (2020),Unit type: PG Coursework UnitCredit points: 12AQF level:  9Level of learning:  Advanced        
LAW81210,Business and Corporation Law for Managers (Online) (2020),Unit type: PG Coursework UnitCredit points: 12AQF level:  8Level of learning:  Introductory        
ACC71210,Business Accounting for Managers (Online) (2020),Unit type: PG Coursework UnitCredit points: 12AQF level:  9Level of learning:  Intermediate        
SCI91001,Advanced Coastal Biogeochemistry (2020),Unit type: PG Coursework UnitCredit points: 12AQF level:  9Level of learning:  Intermediate        
BIO93015,Advanced Marine Ecology (2020),Unit type: PG Coursework UnitCredit points: 12AQF level:  9Level of learning:  Advanced        
MNG93220,Project Procurement and Contract Management (2020),Unit type: Qualifying Unit - CourseworkCredit points: 12AQF level:  9Level of learning:  Advanced        
MNG92305,Leading and Managing Projects (2020),Unit type: PG Coursework UnitCredit points: 12AQF level:  9Level of learning:  Intermediate        
MNG92230,"Project Management: Quality, Control and Risk (2020)",Unit type: PG Coursework UnitCredit points: 12AQF level:  9Level of learning:  Intermediate        
MNG91217,Project Management Principles (2020),Unit type: PG Coursework UnitCredit points: 12AQF level:  9Level of learning:  Introductory        
MNG93255,Portfolio and Program Management (2020),Unit type: PG Coursework UnitCredit points: 12AQF level:  9Level of learning:  Advanced        
MNG91218,Project Management: Initiation and Planning (2020),Unit type: PG Coursework UnitCredit points: 12AQF level:  9Level of learning:  Introductory        
BIO92005,Scientific Diving (2020),Unit type: PG Coursework UnitCredit points: 12AQF level:  9Level of learning:  Intermediate        
BIO93010,Frontiers in Marine Science I,Unit type: PG Coursework UnitCredit points: 12AQF level:  9Level of learning:  Advanced        
TCH93001,Teaching and Supervision in a Clinical Setting (2020),Unit type: PG Coursework UnitCredit points: 12AQF level:  9Level of learning:  Intermediate        
MNG73006,Internship B (2020),Unit type: UG Coursework UnitCredit points: 24AQF level:  7Level of learning:  Advanced        
MNG73005,Internship A (2020),Unit type: UG Coursework UnitCredit points: 24AQF level:  7Level of learning:  Advanced        
MNG91225,Stakeholder Engagement (2020),Unit type: PG Coursework UnitCredit points: 12AQF level:  9Level of learning:  Introductory        
ENG92050,Engineering for a Sustainable Future (2020),Unit type: PG Coursework UnitCredit points: 12AQF level:  9Level of learning:  Intermediate        
MNG92220,Strategic Infrastructure Asset Management (2020),Unit type: PG Coursework UnitCredit points: 12AQF level:  9Level of learning:  Intermediate        
CMM93010,"Health Systems, Policies and Practices (2020)",Unit type: PG Coursework UnitCredit points: 12AQF level:  9Level of learning:  Advanced        
BUS40006,Research Thesis (3 of 3) (2020),Unit type: Hons UnitCredit points: 24AQF level:  8Level of learning:  Advanced        
MAT93010,Research Design and Methods (2020),Unit type: PG Coursework UnitCredit points: 24AQF level:  9Level of learning:  Advanced        
MAT71215,Introductory Algebra and Calculus (2020),Unit type: UG Coursework UnitCredit points: 12AQF level:  7Level of learning:  Introductory        
MNG93210,Strategy and Case Analysis (Online) (2020),Unit type: PG Coursework UnitCredit points: 12AQF level:  9Level of learning:  Advanced        
MNG91211,The Positive Leader (Online) (2020),Unit type: PG Coursework UnitCredit points: 12AQF level:  9Level of learning:  Introductory        
MNG93211,Managing Information Systems (Online) (2020),Unit type: PG Coursework UnitCredit points: 12AQF level:  9Level of learning:  Advanced        
ACC91210,Finance for Managers (Online) (2020),Unit type: PG Coursework UnitCredit points: 12AQF level:  9Level of learning:  Introductory        
ACC93210,Corporate Governance for Managers (Online) (2020),Unit type: PG Coursework UnitCredit points: 12AQF level:  9Level of learning:  Advanced        
MNG91220,Strategic Health Management (2020),Unit type: PG Coursework UnitCredit points: 12AQF level:  9Level of learning:  Introductory        
MKT82210,Marketing (Online) (2020),Unit type: PG Coursework UnitCredit points: 12AQF level:  8Level of learning:  Intermediate        
MNG92210,Global Business (Online) (2020),Unit type: PG Coursework UnitCredit points: 12AQF level:  9Level of learning:  Intermediate        
ECO82210,Economics and Quantitative Analysis (Online) (2020),Unit type: PG Coursework UnitCredit points: 12AQF level:  8Level of learning:  Intermediate        
ACC92210,Accounting Information Systems and Processes (Online) (2020),Unit type: PG Coursework UnitCredit points: 12AQF level:  9Level of learning:  Intermediate        
LAW81110,Business and Corporation Law (Online) (2020),Unit type: PG Coursework UnitCredit points: 12AQF level:  8Level of learning:  Introductory        
ACC93112,Contemporary Issues in Accounting Theory (Online) (2020),Unit type: PG Coursework UnitCredit points: 12AQF level:  9Level of learning:  Advanced        
ACC93211,Professional Auditing (Online) (2020),Unit type: PG Coursework UnitCredit points: 12AQF level:  9Level of learning:  Advanced        
FIN93210,Financial Management of Asia Pacific Business (Online) (2020),Unit type: PG Coursework UnitCredit points: 12AQF level:  9Level of learning:  Advanced        
MNG91212,Project Management (Online) (2020),Unit type: PG Coursework UnitCredit points: 12AQF level:  9Level of learning:  Introductory        
FIN91110,Finance (Online) (2020),Unit type: PG Coursework UnitCredit points: 12AQF level:  9Level of learning:  Introductory        
ACC93111,Corporate Governance (Online) (2020),Unit type: PG Coursework UnitCredit points: 12AQF level:  9Level of learning:  Advanced        
ACC92212,Taxation Law and Practice (Online) (2020),Unit type: PG Coursework UnitCredit points: 12AQF level:  8Level of learning:  Intermediate        
ACC92211,Company and Financial Reporting (Online) (2020),Unit type: PG Coursework UnitCredit points: 12AQF level:  9Level of learning:  Intermediate        
FOR73010,Crop Science (2020),Unit type: UG Coursework UnitCredit points: 12AQF level:  7Level of learning:  Advanced        
BIO72020,Genetics (2020),Unit type: UG Coursework UnitCredit points: 12AQF level:  7Level of learning:  Intermediate        
ISY92115,Data Management (2020),Unit type: PG Coursework UnitCredit points: 12AQF level:  9Level of learning:  Intermediate        
ISY93205,Information Systems Security Management (2020),Unit type: PG Coursework UnitCredit points: 12AQF level:  9Level of learning:  Advanced        
SCI83014,Science Honours Thesis III (2020),Unit type: Hons UnitCredit points: 24AQF level:  8Level of learning:  Advanced        
BIO30001,Scientific Diving (2020),Unit type: UG Coursework UnitCredit points: 12AQF level:  7Level of learning:  Advanced        
LAW30004,Comparative Criminal Law (2020),Unit type: UG Coursework UnitCredit points: 12AQF level:  7Level of learning:  Advanced        
MNG82001,Organisational Behaviour (2020),Unit type: PG Coursework UnitCredit points: 12AQF level:  8Level of learning:  Introductory        
FOR03111,Natural Resources Policy (2020),Unit type: PG Coursework UnitCredit points: 12AQF level:  9Level of learning:  Intermediate        
BIO01209,Aquaculture Management (2020),Unit type: UG Coursework UnitCredit points: 12AQF level:  7Level of learning:  Intermediate        
TCH30002,Professional Experience III: Transition to the Profession (2020),Unit type: UG Coursework UnitCredit points: 12AQF level:  7Level of learning:  Advanced        
TCH30001,Casual Teaching (2020),Unit type: UG Coursework UnitCredit points: 12AQF level:  7Level of learning:  Advanced        
TCH20002,"Children, Families and Communities (2020)",Unit type: UG Coursework UnitCredit points: 12AQF level:  7Level of learning:  Intermediate        
EDU92002,Leading Professional Learning Communities (2020),Unit type: PG Coursework UnitCredit points: 12AQF level:  9Level of learning:  Intermediate        
EDU91002,Developing a Professional Portfolio: Part B (2020),Unit type: PG Coursework UnitCredit points: 12AQF level:  9Level of learning:  Introductory        
TCH20003,Curriculum Studies in Early Childhood (2020),Unit type: UG Coursework UnitCredit points: 12AQF level:  7Level of learning:  Intermediate        
TCH20001,Professional Experience II: Effective Teaching (2020),Unit type: UG Coursework UnitCredit points: 12AQF level:  7Level of learning:  Intermediate        
TCH10014,Professional Experience I: Becoming a Teacher (2020),Unit type: UG Coursework UnitCredit points: 12AQF level:  7Level of learning:  Introductory        
MAT30002,Topology (2020),Unit type: UG Coursework UnitCredit points: 12AQF level:  7Level of learning:  Advanced        
MAT30001,Group Theory (2020),Unit type: UG Coursework UnitCredit points: 12AQF level:  7Level of learning:  Advanced        
EDU40006,Education Honours Thesis (Stage 3 of 3) (2020),Unit type: UG Coursework UnitCredit points: 24AQF level:  8Level of learning:  Advanced        
EDU40005,Education Honours Thesis (Stage 2 of 3) (2020),Unit type: UG Coursework UnitCredit points: 24AQF level:  8Level of learning:  Advanced        
EDU40004,Education Honours Thesis (Stage 1 of 3) (2020),Unit type: UG Coursework UnitCredit points: 24AQF level:  8Level of learning:  Advanced        
EDU92004,Managing Assessment in Vocational Education and Training (2020),Unit type: PG Coursework UnitCredit points: 12AQF level:  9Level of learning:  Intermediate        
EDU92003,Using Assessment Data to Improve Student Learning (2020),Unit type: PG Coursework UnitCredit points: 12AQF level:  9Level of learning:  Intermediate        
ENV10655,Coastlines,Unit type: UG Coursework UnitCredit points: 12AQF level:  7Level of learning:  Intermediate        
EDU10002,Mathematics and Numeracy (2020),Unit type: UG Coursework UnitCredit points: 12AQF level:  7Level of learning:  Introductory        
EDU10005,Language and Literacy (2020),Unit type: UG Coursework UnitCredit points: 12AQF level:  7Level of learning:  Introductory        
FOR03019,Extension and Professional Practice in Natural Resource Management (2020),Unit type: PG Coursework UnitCredit points: 12AQF level:  9Level of learning:  Advanced        
SCI03072,Research Project II (2020),Unit type: PG Coursework UnitCredit points: 24AQF level:  9Level of learning:  Advanced        
SOC10205,Indigenous Research Theory and Practice (2020),Unit type: UG Coursework UnitCredit points: 24AQF level:  8Level of learning:  Introductory        
MNG03393,Sport Facility Management (2020),Unit type: PG Coursework UnitCredit points: 12AQF level:  9Level of learning:  Advanced        
MNG03392,Managing International Sport Events (2020),Unit type: PG Coursework UnitCredit points: 12AQF level:  9Level of learning:  Intermediate        
MNG03391,Sport Promotions in the Global Marketplace (2020),Unit type: PG Coursework UnitCredit points: 12AQF level:  9Level of learning:  Intermediate        
MNG03390,Sport Marketing in the Global Marketplace (2020),Unit type: PG Coursework UnitCredit points: 12AQF level:  9Level of learning:  Intermediate        
FOR03110,Agroforestry and Farm Forestry (2020),Unit type: PG Coursework UnitCredit points: 12AQF level:  9Level of learning:  Advanced        
MNG00784,Industry Based Project (2020),Unit type: PG Coursework UnitCredit points: 12AQF level:  9Level of learning:  Intermediate        
IST03303,Postgraduate Independent Study,Unit type: PG Coursework UnitCredit points: 12AQF level:  9Level of learning:  Advanced        
IST03302,Postgraduate Independent Study,Unit type: PG Coursework UnitCredit points: 12AQF level:  9Level of learning:  Advanced        
IST03301,Postgraduate Independent Study,Unit type: PG Coursework UnitCredit points: 12AQF level:  9Level of learning:  Advanced        
FOR03198,Product Development and Marketing (2020),Unit type: PG Coursework UnitCredit points: 12AQF level:  9Level of learning:  Intermediate        
BIO03095,Coral Reefs on the Edge (2020),Unit type: PG Coursework UnitCredit points: 12AQF level:  9Level of learning:  Advanced        
MNG03011,Business Research Project I (2020),Unit type: PG Project/Other Research UnitCredit points: 12AQF level:  9Level of learning:  Advanced        
FOR00108,Agroforestry and Farm Forestry (2020),Unit type: UG Coursework UnitCredit points: 12AQF level:  7Level of learning:  Intermediate        
GLY30002,"Phase Equilibria, Thermodynamics and Kinetics (2020)",Unit type: UG Coursework UnitCredit points: 12AQF level:  7Level of learning:  Advanced        
GLY30001,Contamination Assessment and Remediation (2020),Unit type: UG Coursework UnitCredit points: 12AQF level:  7Level of learning:  Advanced        
MNG03395,Sports Law (2020),Unit type: PG Coursework UnitCredit points: 12AQF level:  9Level of learning:  Advanced        
GLY20002,Environmental Analysis: Aqueous (2020),Unit type: UG Coursework UnitCredit points: 12AQF level:  7Level of learning:  Intermediate        
GLY20001,Environmental Analysis: Solids (2020),Unit type: UG Coursework UnitCredit points: 12AQF level:  7Level of learning:  Intermediate        
ENG40007,Engineering Project Management and Professional Ethics (2020),Unit type: UG Coursework UnitCredit points: 12AQF level:  8Level of learning:  Advanced        
ENG40006,Municipal Infrastructure Design and Surveying (2020),Unit type: UG Coursework UnitCredit points: 12AQF level:  8Level of learning:  Advanced        
WEL30001,Youth Work (2020),Unit type: UG Coursework UnitCredit points: 12AQF level:  7Level of learning:  Intermediate        
ENG40005,Engineering Capstone Project (2020),Unit type: UG Coursework UnitCredit points: 24AQF level:  8Level of learning:  Advanced        
WEL92004,"Social Work Organisations, Leadership and Management (2020)",Unit type: PG Coursework UnitCredit points: 12AQF level:  9Level of learning:  Advanced        
ENG40004,Engineering Thesis II (2020),Unit type: UG Coursework UnitCredit points: 12AQF level:  8Level of learning:  Advanced        
ENG40001,Engineering Thesis I (2020),Unit type: UG Coursework UnitCredit points: 12AQF level:  8Level of learning:  Advanced        
ENG30012,Water and Wastewater Engineering (2020),Unit type: UG Coursework UnitCredit points: 12AQF level:  7Level of learning:  Advanced        
ENG30011,Regional and Urban Transport Planning (2020),Unit type: UG Coursework UnitCredit points: 12AQF level:  7Level of learning:  Introductory        
ENG30009,Hydraulic Engineering (2020),Unit type: UG Coursework UnitCredit points: 12AQF level:  7Level of learning:  Advanced        
ENG30004,Analysis and Computer Modelling of Structures (2020),Unit type: UG Coursework UnitCredit points: 12AQF level:  7Level of learning:  Advanced        
SCI10001,Nature of Science (2020),Unit type: UG Coursework UnitCredit points: 12AQF level:  6Level of learning:  Introductory        
ENG20007,Engineering Computations (2020),Unit type: UG Coursework UnitCredit points: 12AQF level:  7Level of learning:  Intermediate        
EDU10011,Learning for Future Careers (2020),Unit type: UG Coursework UnitCredit points: 12AQF level:  6Level of learning:  Intermediate        
ENG30002,Soil Mechanics and Geology (2020),Unit type: UG Coursework UnitCredit points: 12AQF level:  7Level of learning:  Advanced        
ENG30007,Geotechnical Engineering (2020),Unit type: UG Coursework UnitCredit points: 12AQF level:  7Level of learning:  Advanced        
ENG30005,Design of Structures (2020),Unit type: UG Coursework UnitCredit points: 12AQF level:  8Level of learning:  Introductory        
ENG20006,Fluid Mechanics (2020),Unit type: UG Coursework UnitCredit points: 12AQF level:  7Level of learning:  Intermediate        
MKT00724,International Marketing (2020),Unit type: PG Coursework UnitCredit points: 12AQF level:  9Level of learning:  Intermediate        
WEL92006,Social Work Field Placement IIb (2020),Unit type: PG Coursework UnitCredit points: 12AQF level:  9Level of learning:  Advanced        
WEL92005,Social Work Field Placement IIa (2020),Unit type: PG Coursework UnitCredit points: 24AQF level:  9Level of learning:  Advanced        
CAR10002,Time-Based Art and New Media Culture (2020),Unit type: UG Coursework UnitCredit points: 12AQF level:  7Level of learning:  Introductory        
SOC40022,Indigenous Research Thesis (Stage 2 of 3) (2020),Unit type: Hons UnitCredit points: 24AQF level:  8Level of learning:  Advanced        
SOC40021,Indigenous Research Thesis (Stage 1 of 3) (2020),Unit type: Hons UnitCredit points: 24AQF level:  8Level of learning:  Advanced        
SOC40023,Indigenous Research Thesis (Stage 3 of 3) (2020),Unit type: Hons UnitCredit points: 24AQF level:  8Level of learning:  Advanced        
IHE03386,Health and Indigenous Peoples (2020),Unit type: PG Coursework UnitCredit points: 12AQF level:  9Level of learning:  Intermediate        
CMM03189,Indigenous Research Theory and Practice (2020),Unit type: PG Coursework UnitCredit points: 24AQF level:  9Level of learning:  Advanced        
FOR03169,Minor Thesis (Part 1 of 2) (2020),Unit type: PG Coursework UnitCredit points: 12AQF level:  9Level of learning:  Advanced        
EDU93001,Research Methods in Education (2020),Unit type: PG Coursework UnitCredit points: 12AQF level:  9Level of learning:  Advanced        
EDU10010,Language and Learning in your Discipline (2020),Unit type: UG Coursework UnitCredit points: 12AQF level:  6Level of learning:  Introductory        
ENG30010,Traffic and Road Safety Engineering (2020),Unit type: UG Coursework UnitCredit points: 12AQF level:  8Level of learning:  Introductory        
FOR03170,Minor Thesis (Part 2 of 2) (2020),Unit type: PG Coursework UnitCredit points: 12AQF level:  9Level of learning:  Advanced        
FOR03084,Forest Operations (2020),Unit type: PG Coursework UnitCredit points: 12AQF level:  9Level of learning:  Advanced        
EDU92001,Work-based Professional Learning Project (2020),Unit type: PG Coursework UnitCredit points: 24AQF level:  9Level of learning:  Intermediate        
EDU91003,Change and Innovation in Teaching and Learning (2020),Unit type: PG Coursework UnitCredit points: 12AQF level:  9Level of learning:  Introductory        
SCI10002,Science in Society (2020),Unit type: UG Coursework UnitCredit points: 12AQF level:  7Level of learning:  Introductory        
ENG20005,Hydrology (2020),Unit type: UG Coursework UnitCredit points: 12AQF level:  7Level of learning:  Intermediate        
BUS40005,Research Thesis (2 of 3) (2020),Unit type: Hons UnitCredit points: 24AQF level:  8Level of learning:  Advanced        
BUS40004,Research Thesis (1 of 3) (2020),Unit type: Hons UnitCredit points: 24AQF level:  8Level of learning:  Advanced        
FOR03082,Forest Modelling and Management (2020),Unit type: PG Coursework UnitCredit points: 12AQF level:  9Level of learning:  Advanced        
FOR00104,Forest Operations (2020),Unit type: UG Coursework UnitCredit points: 12AQF level:  7Level of learning:  Intermediate        
FOR00109,Forest Modelling and Management (2020),Unit type: UG Coursework UnitCredit points: 12AQF level:  7Level of learning:  Advanced        
WEL92002,Social Work in Groups and Communities (2020),Unit type: PG Coursework UnitCredit points: 12AQF level:  9Level of learning:  Advanced        
WEL92003,Research for Social Work (2020),Unit type: PG Project/Other Research UnitCredit points: 12AQF level:  9Level of learning:  Advanced        
CMM81003,Diabetes Management in Health Systems and Settings (2020),Unit type: PG Coursework UnitCredit points: 12AQF level:  8Level of learning:  Intermediate        
CMM81002,Diabetes Self-management Education Theory and Practice (2020),Unit type: PG Coursework UnitCredit points: 12AQF level:  8Level of learning:  Introductory        
MNG20004,Professional Hospitality Experience IV (2020),Unit type: UG Coursework UnitCredit points: 12AQF level:  7Level of learning:  Intermediate        
MNG20003,Professional Hospitality Experience III (2020),Unit type: UG Coursework UnitCredit points: 12AQF level:  7Level of learning:  Intermediate        
MNG20002,Professional Hospitality Experience II (2020),Unit type: UG Coursework UnitCredit points: 12AQF level:  7Level of learning:  Intermediate        
MAT10001,Foundation Mathematics (2020),Unit type: UG Coursework UnitCredit points: 12AQF level:  6Level of learning:  Introductory        
WEL92001,Social Work across the Lifespan (2020),Unit type: PG Coursework UnitCredit points: 12AQF level:  9Level of learning:  Intermediate        
EDU00754,Research Project (2020),Unit type: PG Coursework UnitCredit points: 24AQF level:  9Level of learning:  Advanced        
BIO81001,Pathophysiology and Diabetes in a Global Context (2020),Unit type: PG Coursework UnitCredit points: 12AQF level:  8Level of learning:  Introductory        
CMM81001,Managing Diabetes as a Chronic Condition (2020),Unit type: PG Coursework UnitCredit points: 12AQF level:  8Level of learning:  Introductory        
ECO82001,Economics and Quantitative Analysis (2020),Unit type: PG Coursework UnitCredit points: 12AQF level:  8Level of learning:  Intermediate        
FIN93001,Financial Management of Asia Pacific Business (2020),Unit type: PG Coursework UnitCredit points: 12AQF level:  9Level of learning:  Advanced        
SOC20003,"Society, Health and Illness (2020)",Unit type: UG Coursework UnitCredit points: 12AQF level:  7Level of learning:  Intermediate        
SOC20002,"Economy, Ecology, and Social Life: Local and Global Perspectives (2020)",Unit type: UG Coursework UnitCredit points: 12AQF level:  7Level of learning:  Intermediate        
POL30001,Environmental Politics (2020),Unit type: UG Coursework UnitCredit points: 12AQF level:  7Level of learning:  Advanced        
POL20001,Analysing Policy Problems (2020),Unit type: UG Coursework UnitCredit points: 12AQF level:  7Level of learning:  Intermediate        
BIO10127,Coral Reefs on the Edge (2020),Unit type: UG Coursework UnitCredit points: 12AQF level:  7Level of learning:  Intermediate        
MNG93003,Industry Research Project (2020),Unit type: PG Coursework UnitCredit points: 24AQF level:  9Level of learning:  Advanced        
MNG93002,Strategy and Case Analysis (2020),Unit type: PG Coursework UnitCredit points: 12AQF level:  9Level of learning:  Advanced        
MNG93001,Asia Pacific Business Environment (2020),Unit type: PG Coursework UnitCredit points: 12AQF level:  9Level of learning:  Advanced        
SOC30001,Advanced Social Research (2020),Unit type: UG Coursework UnitCredit points: 12AQF level:  7Level of learning:  Advanced        
LAW20001,Paralegal Placement (2020),Unit type: UG Coursework UnitCredit points: 12AQF level:  7Level of learning:  Intermediate        
EDU01290,Outdoor Education I (2020),Unit type: UG Coursework UnitCredit points: 12AQF level:  7Level of learning:  Introductory        
SCI03071,Research Project I (2020),Unit type: PG Coursework UnitCredit points: 24AQF level:  9Level of learning:  Advanced        
IST03304,Postgraduate Independent Study,Unit type: PG Coursework UnitCredit points: 12AQF level:  9Level of learning:  Advanced        
FOR03108,Wood Science and Utilisation (2020),Unit type: PG Coursework UnitCredit points: 12AQF level:  9Level of learning:  Introductory        
LAW00119,Local Government and Planning Law (2020),Unit type: UG Coursework UnitCredit points: 12AQF level:  7Level of learning:  Intermediate        
LAW00106,EEO and OH&S Law and Practice (2020),Unit type: UG Coursework UnitCredit points: 12AQF level:  7Level of learning:  Advanced        
LAW00104,Employment and Industrial Relations Law (2020),Unit type: UG Coursework UnitCredit points: 12AQF level:  7Level of learning:  Advanced        
LAW00062,Wills and Estates (2020),Unit type: UG Coursework UnitCredit points: 12AQF level:  7Level of learning:  Intermediate        
LAW00061,"Drugs, Crime and the Law (2020)",Unit type: UG Coursework UnitCredit points: 12AQF level:  7Level of learning:  Intermediate        
LAW00059,Welfare Law (2020),Unit type: UG Coursework UnitCredit points: 12AQF level:  7Level of learning:  Intermediate        
LAW00058,Litigation Practice (2020),Unit type: UG Coursework UnitCredit points: 12AQF level:  7Level of learning:  Intermediate        
LAW00057,Conveyancing Law (2020),Unit type: UG Coursework UnitCredit points: 12AQF level:  7Level of learning:  Intermediate        
LAW00055,Aboriginal and Torres Strait Islander Legal Issues (2020),Unit type: UG Coursework UnitCredit points: 12AQF level:  7Level of learning:  Introductory        
LAW00054,Family Law Practice (2020),Unit type: UG Coursework UnitCredit points: 12AQF level:  7Level of learning:  Intermediate        
LAW00053,Foundations of Torts (2020),Unit type: UG Coursework UnitCredit points: 12AQF level:  7Level of learning:  Intermediate        
LAW00052,Introduction to Land Law (2020),Unit type: UG Coursework UnitCredit points: 12AQF level:  7Level of learning:  Introductory        
LAW00051,Legal Research and Writing (2020),Unit type: UG Coursework UnitCredit points: 12AQF level:  7Level of learning:  Introductory        
LAW00050,Criminal Process (2020),Unit type: UG Coursework UnitCredit points: 12AQF level:  7Level of learning:  Introductory        
LAW00004,Company Law (2020),Unit type: UG Coursework UnitCredit points: 12AQF level:  7Level of learning:  Intermediate        
ISY10222,Computing Project II: Development and Implementation (2020),Unit type: UG Coursework UnitCredit points: 12AQF level:  7Level of learning:  Advanced        
ISY10221,Computing Project I: Analysis and Design (2020),Unit type: UG Coursework UnitCredit points: 12AQF level:  7Level of learning:  Advanced        
ISY10212,Contemporary Issues in Information Technology (2020),Unit type: UG Coursework UnitCredit points: 12AQF level:  7Level of learning:  Introductory        
ISY10209,Web Development I (2020),Unit type: UG Coursework UnitCredit points: 12AQF level:  7Level of learning:  Introductory        
ISY10058,Electronic Commerce Systems (2020),Unit type: UG Coursework UnitCredit points: 12AQF level:  7Level of learning:  Intermediate        
ISY03087,Remote Sensing and Spatial Analysis (2020),Unit type: PG Coursework UnitCredit points: 12AQF level:  9Level of learning:  Intermediate        
ISY01224,Remote Sensing and Spatial Analysis (2020),Unit type: UG Coursework UnitCredit points: 12AQF level:  7Level of learning:  Intermediate        
ISY00740,Managing Digital Enterprise (2020),Unit type: PG Coursework UnitCredit points: 12AQF level:  9Level of learning:  Advanced        
ISY00325,Audio-Video Resources for Interactive Applications (2020),Unit type: UG Coursework UnitCredit points: 12AQF level:  7Level of learning:  Intermediate        
ISY00324,Visual Resources for Interactive Applications (2020),Unit type: UG Coursework UnitCredit points: 12AQF level:  7Level of learning:  Intermediate        
ISY00245,Principles of Programming (2020),Unit type: UG Coursework UnitCredit points: 12AQF level:  7Level of learning:  Intermediate        
ISY00244,Information and Communication Technology for Tourism (2020),Unit type: PG Coursework UnitCredit points: 12AQF level:  9Level of learning:  Introductory        
ISY00243,Systems Analysis and Design (2020),Unit type: UG Coursework UnitCredit points: 12AQF level:  7Level of learning:  Intermediate        
HUM00275,Cultural Studies Research Project (2020),Unit type: UG Coursework UnitCredit points: 12AQF level:  7Level of learning:  Advanced        
HUM00274,EcoCultural Studies (2020),Unit type: UG Coursework UnitCredit points: 12AQF level:  7Level of learning:  Advanced        
HUM00273,"Borderlands: Identity, Culture and Belonging (2020)",Unit type: UG Coursework UnitCredit points: 12AQF level:  7Level of learning:  Advanced        
HUM00272,"Space, Place and Travel (2020)",Unit type: UG Coursework UnitCredit points: 12AQF level:  7Level of learning:  Intermediate        
HUM00271,Unruly Subjects: Citizenship (2020),Unit type: UG Coursework UnitCredit points: 12AQF level:  7Level of learning:  Introductory        
HUM00270,Doing Cultural Studies (2020),Unit type: UG Coursework UnitCredit points: 12AQF level:  7Level of learning:  Introductory        
HOS10644,Vocational Skills and Knowledge in Food (2020),Unit type: UG Coursework UnitCredit points: 24AQF level:  7Level of learning:  Introductory        
HOS03423,Aesthetics of Food and Wine (2020),Unit type: PG Coursework UnitCredit points: 12AQF level:  9Level of learning:  Introductory        
HOS03421,Food and Wine Technology (2020),Unit type: PG Coursework UnitCredit points: 12AQF level:  9Level of learning:  Introductory        
HOS03417,Principles of Gastronomy (2020),Unit type: PG Coursework UnitCredit points: 12AQF level:  9Level of learning:  Introductory        
ENP10645,Food Technology and Society (2020),Unit type: UG Coursework UnitCredit points: 12AQF level:  7Level of learning:  Intermediate        
ENO10183,Ecotechnology for Water Management (2020),Unit type: UG Coursework UnitCredit points: 12AQF level:  7Level of learning:  Intermediate        
ENM10640,Vocational Skills and Knowledge in Textiles (2020),Unit type: UG Coursework UnitCredit points: 24AQF level:  7Level of learning:  Introductory        
ENG20003,Concrete Structures (2020),Unit type: UG Coursework UnitCredit points: 12AQF level:  7Level of learning:  Intermediate        
ENG20002,Engineering Construction and Tendering (2020),Unit type: UG Coursework UnitCredit points: 12AQF level:  7Level of learning:  Intermediate        
ENG20001,Mechanics of Materials (2020),Unit type: UG Coursework UnitCredit points: 12AQF level:  7Level of learning:  Intermediate        
ENG10759,Processes and Philosophy of Engineering (2020),Unit type: UG Coursework UnitCredit points: 12AQF level:  7Level of learning:  Introductory        
ENG10758,Humanitarian Engineering Project (2020),Unit type: UG Coursework UnitCredit points: 12AQF level:  7Level of learning:  Introductory        
ENG10757,Applied Mechanics (2020),Unit type: UG Coursework UnitCredit points: 12AQF level:  7Level of learning:  Introductory        
ENG10022,Writing from the Edge (2020),Unit type: UG Coursework UnitCredit points: 12AQF level:  7Level of learning:  Advanced        
ENG00411,Writing Genre (2020),Unit type: UG Coursework UnitCredit points: 12AQF level:  7Level of learning:  Intermediate        
ENG00407,Writing for Performance (2020),Unit type: UG Coursework UnitCredit points: 12AQF level:  7Level of learning:  Intermediate        
ENG00406,Theories of Text and Culture (2020),Unit type: UG Coursework UnitCredit points: 12AQF level:  7Level of learning:  Advanced        
ENG00401,Issues and Themes in Contemporary Writing (2020),Unit type: UG Coursework UnitCredit points: 12AQF level:  7Level of learning:  Intermediate        
ENG00400,Introduction to Written Texts (2020),Unit type: UG Coursework UnitCredit points: 12AQF level:  7Level of learning:  Introductory        
ENG00355,Storytelling (2020),Unit type: UG Coursework UnitCredit points: 12AQF level:  7Level of learning:  Intermediate        
ENG00351,Children's Literature (2020),Unit type: UG Coursework UnitCredit points: 12AQF level:  7Level of learning:  Advanced        
EDU10716,Professional Development in Education (2020),Unit type: UG Coursework UnitCredit points: 12AQF level:  7Level of learning:  Advanced        
EDU10715,Issues in Education (2020),Unit type: UG Coursework UnitCredit points: 12AQF level:  7Level of learning:  Advanced        
EDU10712,Supporting Learners with Diverse Abilities (2020),Unit type: UG Coursework UnitCredit points: 12AQF level:  7Level of learning:  Intermediate        
EDU10694,Contemporary Health Issues for Young People (2020),Unit type: UG Coursework UnitCredit points: 12AQF level:  7Level of learning:  Advanced        
EDU10693,Promoting the Health and Wellbeing of Young People (2020),Unit type: UG Coursework UnitCredit points: 12AQF level:  7Level of learning:  Advanced        
EDU10692,Physical Education Studies II: Dance and Gymnastics (2020),Unit type: UG Coursework UnitCredit points: 12AQF level:  7Level of learning:  Intermediate        
EDU10691,Physical Education Studies I: Athletics and Aquatics (2020),Unit type: UG Coursework UnitCredit points: 12AQF level:  7Level of learning:  Intermediate        
EDU10690,"Introduction to Personal Development, Health and Physical Education (PDHPE) (2020)",Unit type: UG Coursework UnitCredit points: 12AQF level:  7Level of learning:  Introductory        
EDU10633,Vocational Education and Training in Schools and Industry (2020),Unit type: UG Coursework UnitCredit points: 12AQF level:  7Level of learning:  Advanced        
EDU10632,Technology Pedagogy and Curriculum II (2020),Unit type: UG Coursework UnitCredit points: 12AQF level:  7Level of learning:  Advanced        
EDU10631,Technology Pedagogy and Curriculum I (2020),Unit type: UG Coursework UnitCredit points: 12AQF level:  7Level of learning:  Intermediate        
EDU10514,Understanding Children and Young People (2020),Unit type: UG Coursework UnitCredit points: 12AQF level:  7Level of learning:  Introductory        
EDU10449,Issues and Enquiry in Arts and Business (2020),Unit type: Enabling UnitCredit points: 12AQF level:  0Level of learning:  Introductory        
EDU10448,Studying Science (2020),Unit type: Enabling UnitCredit points: 12AQF level:  0Level of learning:  Introductory        
EDU10447,Applying Quantitative Concepts (2020),Unit type: Enabling UnitCredit points: 12AQF level:  0Level of learning:  Introductory        
EDU10446,Communicating at University (2020),Unit type: Enabling UnitCredit points: 12AQF level:  0Level of learning:  Introductory        
EDU10445,Managing Your Study (2020),Unit type: Enabling UnitCredit points: 12AQF level:  0Level of learning:  Introductory        
EDU10130,"Sociology of Children, Family and Communities (2020)",Unit type: UG Coursework UnitCredit points: 12AQF level:  7Level of learning:  Intermediate        
EDU10128,Introduction to Teaching (2020),Unit type: UG Coursework UnitCredit points: 12AQF level:  7Level of learning:  Introductory        
EDU10003,Learning Technologies (2020),Unit type: UG Coursework UnitCredit points: 12AQF level:  7Level of learning:  Intermediate        
EDU01308,Indigenous Australians in Education (2020),Unit type: UG Coursework UnitCredit points: 12AQF level:  7Level of learning:  Advanced        
EDU01286,Environmental Education (2020),Unit type: UG Coursework UnitCredit points: 12AQF level:  7Level of learning:  Introductory        
EDU01247,Curriculum Specialisation: Science II (2020),Unit type: UG Coursework UnitCredit points: 12AQF level:  7Level of learning:  Advanced        
EDU01246,Curriculum Specialisation: Science I (2020),Unit type: UG Coursework UnitCredit points: 12AQF level:  7Level of learning:  Intermediate        
EDU01154,Curriculum Specialisation: Visual Arts II (2020),Unit type: UG Coursework UnitCredit points: 12AQF level:  7Level of learning:  Advanced        
EDU01153,Curriculum Specialisation: Visual Arts I (2020),Unit type: UG Coursework UnitCredit points: 12AQF level:  7Level of learning:  Intermediate        
EDU01146,Curriculum Specialisation: Mathematics II (2020),Unit type: UG Coursework UnitCredit points: 12AQF level:  7Level of learning:  Advanced        
EDU01145,Curriculum Specialisation: Mathematics I (2020),Unit type: UG Coursework UnitCredit points: 12AQF level:  7Level of learning:  Intermediate        
EDU01144,Curriculum Specialisation,Unit type: UG Coursework UnitCredit points: 12AQF level:  7Level of learning:  Intermediate        
EDU01143,Curriculum Specialisation,Unit type: UG Coursework UnitCredit points: 12AQF level:  7Level of learning:  Intermediate        
EDU01105,Professional Learning Project (2020),Unit type: UG Coursework UnitCredit points: 12AQF level:  7Level of learning:  Advanced        
EDU01029,Adult Learning (2020),Unit type: PG Coursework UnitCredit points: 12AQF level:  8Level of learning:  Introductory        
EDU01022,"Curriculum Specialisation: Personal Development, Health, Physical Education II (Lifestyle) (2020)",Unit type: UG Coursework UnitCredit points: 12AQF level:  7Level of learning:  Advanced        
EDU01021,"Curriculum Specialisation: Personal Development, Health, Physical Education I (2020)",Unit type: UG Coursework UnitCredit points: 12AQF level:  7Level of learning:  Intermediate        
EDU00751,Critical Literature Review (2020),Unit type: PG Coursework UnitCredit points: 12AQF level:  9Level of learning:  Advanced        
EDU00412,Human Society and its Environments Education II: Curriculum and Pedagogy (2020),Unit type: UG Coursework UnitCredit points: 12AQF level:  7Level of learning:  Intermediate        
ECO00202,Ecological and Environmental Economics for Sustainable Development (2020),Unit type: UG Coursework UnitCredit points: 12AQF level:  7Level of learning:  Intermediate        
DES10654,Metal Industry Practice and Management (2020),Unit type: UG Coursework UnitCredit points: 12AQF level:  7Level of learning:  Advanced        
DES10653,Timber Industry Practice and Management (2020),Unit type: UG Coursework UnitCredit points: 12AQF level:  7Level of learning:  Intermediate        
DES10652,Metal Design and Production (2020),Unit type: UG Coursework UnitCredit points: 12AQF level:  7Level of learning:  Introductory        
DES10651,Timber Design and Production (2020),Unit type: UG Coursework UnitCredit points: 12AQF level:  7Level of learning:  Introductory        
DES10650,Computer Aided Design and Graphics (2020),Unit type: UG Coursework UnitCredit points: 12AQF level:  7Level of learning:  Intermediate        
DES10649,Graphics Principles and Industry Application (2020),Unit type: UG Coursework UnitCredit points: 12AQF level:  7Level of learning:  Intermediate        
DES10648,Vocational Skills and Knowledge in Graphics and Multimedia (2020),Unit type: UG Coursework UnitCredit points: 24AQF level:  7Level of learning:  Introductory        
DES10643,Textile Science and Innovation (2020),Unit type: UG Coursework UnitCredit points: 12AQF level:  7Level of learning:  Intermediate        
DES10642,Textiles and Society (2020),Unit type: UG Coursework UnitCredit points: 12AQF level:  7Level of learning:  Intermediate        
DES10641,Textiles and Design (2020),Unit type: UG Coursework UnitCredit points: 12AQF level:  7Level of learning:  Intermediate        
DES10639,Integrated Technology Project (2020),Unit type: UG Coursework UnitCredit points: 12AQF level:  7Level of learning:  Advanced        
DES10638,"Innovation, Creativity and Enterprise in Design and Technology (2020)",Unit type: UG Coursework UnitCredit points: 12AQF level:  7Level of learning:  Intermediate        
DES10637,Design Management and Communication (2020),Unit type: UG Coursework UnitCredit points: 12AQF level:  7Level of learning:  Introductory        
DES10636,History of Design and Technology (2020),Unit type: UG Coursework UnitCredit points: 12AQF level:  7Level of learning:  Intermediate        
DES10635,Design and Technology Principles and Processes (2020),Unit type: UG Coursework UnitCredit points: 12AQF level:  7Level of learning:  Introductory        
DES10634,Design and Technology: Essential Technologies (2020),Unit type: UG Coursework UnitCredit points: 12AQF level:  7Level of learning:  Introductory        
CYS03350,"Supporting Children Through Difficult Times: Recognising, Responding and Referring (2020)",Unit type: PG Coursework UnitCredit points: 12AQF level:  9Level of learning:  Intermediate        
CYS03347,Improving Practice through Program Evaluation (2020),Unit type: PG Coursework UnitCredit points: 12AQF level:  9Level of learning:  Intermediate        
CYS03346,"Supporting Young People's Health and Safety: Perspectives on Drugs, Alcohol and Sexual Health (2020)",Unit type: PG Coursework UnitCredit points: 12AQF level:  9Level of learning:  Intermediate        
CYS03345,Strengthening Young People's Social and Emotional Wellbeing (2020),Unit type: PG Coursework UnitCredit points: 12AQF level:  9Level of learning:  Intermediate        
CYS03344,Children and the Law (2020),Unit type: PG Coursework UnitCredit points: 12AQF level:  9Level of learning:  Intermediate        
CYS03343,Promoting Children's Protection and Participation (2020),Unit type: PG Coursework UnitCredit points: 12AQF level:  9Level of learning:  Intermediate        
CYS03342,Children's Rights: Policy into Practice (2020),Unit type: PG Coursework UnitCredit points: 12AQF level:  9Level of learning:  Intermediate        
CYS03341,Engaging with Children and Young People (2020),Unit type: PG Coursework UnitCredit points: 12AQF level:  9Level of learning:  Introductory        
CYS03340,Understanding Children and Childhood (2020),Unit type: PG Coursework UnitCredit points: 12AQF level:  9Level of learning:  Introductory        
CUL00420,History of Invasion of Aboriginal Nations (2020),Unit type: UG Coursework UnitCredit points: 12AQF level:  7Level of learning:  Advanced        
EDU00405,Mathematics Education II: Curriculum and Pedagogy (2020),Unit type: UG Coursework UnitCredit points: 12AQF level:  7Level of learning:  Intermediate        
EDU00353,Teaching the Gifted (2020),Unit type: UG Coursework UnitCredit points: 12AQF level:  7Level of learning:  Intermediate        
EDU00352,English as an Additional Language/Dialect (2020),Unit type: UG Coursework UnitCredit points: 12AQF level:  7Level of learning:  Advanced        
EDU00298,Co-operative Learning Skills in the Classroom (2020),Unit type: UG Coursework UnitCredit points: 12AQF level:  7Level of learning:  Advanced        
EDU00018,Embracing Diversity (2020),Unit type: PG Coursework UnitCredit points: 12AQF level:  9Level of learning:  Intermediate        
EDU00017,Vocational Education and Training Studies (2020),Unit type: PG Coursework UnitCredit points: 12AQF level:  8Level of learning:  Introductory        
ECO10250,Economics for Decision Making (2020),Unit type: UG Coursework UnitCredit points: 12AQF level:  7Level of learning:  Introductory        
CSL10242,Trauma Informed Practice (2020),Unit type: UG Coursework UnitCredit points: 12AQF level:  7Level of learning:  Intermediate        
CSL00231,Counselling Theory and Practice (2020),Unit type: UG Coursework UnitCredit points: 12AQF level:  7Level of learning:  Introductory        
CSL00114,Field Education II (2020),Unit type: UG Coursework UnitCredit points: 24AQF level:  7Level of learning:  Advanced        
CSL00113,Field Education I (2020),Unit type: UG Coursework UnitCredit points: 24AQF level:  7Level of learning:  Intermediate        
CSC10217,Web Development II (2020),Unit type: UG Coursework UnitCredit points: 12AQF level:  7Level of learning:  Advanced        
CSC10215,Developing the User Experience (2020),Unit type: UG Coursework UnitCredit points: 12AQF level:  7Level of learning:  Advanced        
CSC10214,Designing the User Experience (2020),Unit type: UG Coursework UnitCredit points: 12AQF level:  7Level of learning:  Intermediate        
CSC00240,Data Communications and Networks (2020),Unit type: UG Coursework UnitCredit points: 12AQF level:  7Level of learning:  Introductory        
CSC00235,Applications Development (2020),Unit type: UG Coursework UnitCredit points: 12AQF level:  7Level of learning:  Introductory        
COM40015,Research Methods for Arts and Social Sciences (2020),Unit type: Hons UnitCredit points: 24AQF level:  8Level of learning:  Advanced        
COM30001,Community Engagement Project (2020),Unit type: UG Coursework UnitCredit points: 12AQF level:  7Level of learning:  Advanced        
COM20001,Sensory Cultures (2020),Unit type: UG Coursework UnitCredit points: 12AQF level:  7Level of learning:  Intermediate        
COM10628,To Be Continued: Media Project (2020),Unit type: UG Coursework UnitCredit points: 12AQF level:  7Level of learning:  Advanced        
COM10627,Telling Tales: Introduction to Digital Storytelling (2020),Unit type: UG Coursework UnitCredit points: 12AQF level:  7Level of learning:  Introductory        
COM10295,Written Communication (2020),Unit type: UG Coursework UnitCredit points: 12AQF level:  7Level of learning:  Introductory        
COM10113,Visions of Light: Making Music Video (2020),Unit type: UG Coursework UnitCredit points: 12AQF level:  7Level of learning:  Advanced        
COM10112,From Page to Production: Essential Screen Skills (2020),Unit type: UG Coursework UnitCredit points: 12AQF level:  7Level of learning:  Intermediate        
COM10111,Online Journalism (2020),Unit type: UG Coursework UnitCredit points: 12AQF level:  7Level of learning:  Intermediate        
COM10110,Visual Communication and Design (2020),Unit type: UG Coursework UnitCredit points: 12AQF level:  7Level of learning:  Introductory        
COM10082,"Film Studies: Cinema, Culture, Context (2020)",Unit type: UG Coursework UnitCredit points: 12AQF level:  7Level of learning:  Intermediate        
COM10081,True Stories: Video Journalism (2020),Unit type: UG Coursework UnitCredit points: 12AQF level:  7Level of learning:  Intermediate        
COM10001,Effective Communication (2020),Unit type: UG Coursework UnitCredit points: 12AQF level:  7Level of learning:  Introductory        
COM03422,Food and Wine Writing (2020),Unit type: PG Coursework UnitCredit points: 12AQF level:  9Level of learning:  Introductory        
COM03420,Gastronomy and Communication (2020),Unit type: PG Coursework UnitCredit points: 12AQF level:  9Level of learning:  Introductory        
COM01402,Act One: Screenwriting (2020),Unit type: UG Coursework UnitCredit points: 12AQF level:  7Level of learning:  Intermediate        
MUS72011,Creative Music Practice IV (2020),Unit type: UG Coursework UnitCredit points: 12AQF level:  7Level of learning:  Intermediate        
MUS73016,Creative Music Practice VI (2020),Unit type: UG Coursework UnitCredit points: 12AQF level:  7Level of learning:  Advanced        
MUS73006,Sound Production III (2020),Unit type: UG Coursework UnitCredit points: 12AQF level:  7Level of learning:  Advanced        
MUS72005,Sound Production II (2020),Unit type: UG Coursework UnitCredit points: 12AQF level:  7Level of learning:  Intermediate        
MUS73009,Specialist Studies V (2020),Unit type: UG Coursework UnitCredit points: 12AQF level:  7Level of learning:  Advanced        
MUS73005,Musicianship V (2020),Unit type: UG Coursework UnitCredit points: 12AQF level:  7Level of learning:  Advanced        
HUM10310,Learning from Country (2020),Unit type: PG Coursework UnitCredit points: 24AQF level:  10Level of learning:  Advanced        
MUS72004,Musicianship IV (2020),Unit type: UG Coursework UnitCredit points: 12AQF level:  7Level of learning:  Intermediate        
MUS71011,Instrumental Techniques II (2020),Unit type: UG Coursework UnitCredit points: 12AQF level:  7Level of learning:  Introductory        
MUS71006,Creative Music Practice II (2020),Unit type: UG Coursework UnitCredit points: 12AQF level:  7Level of learning:  Introductory        
MUS71007,Specialist Studies I (2020),Unit type: UG Coursework UnitCredit points: 12AQF level:  7Level of learning:  Introductory        
MUS71003,Sound Production I (2020),Unit type: UG Coursework UnitCredit points: 12AQF level:  7Level of learning:  Introductory        
MUS72010,Creative Music Practice III (2020),Unit type: UG Coursework UnitCredit points: 12AQF level:  7Level of learning:  Intermediate        
MUS71005,Creative Music Practice I (2020),Unit type: UG Coursework UnitCredit points: 12AQF level:  7Level of learning:  Introductory        
MUS73010,Specialist Studies VI (2020),Unit type: UG Coursework UnitCredit points: 12AQF level:  7Level of learning:  Advanced        
HUM10315,Knowing with Community (2020),Unit type: PG Coursework UnitCredit points: 12AQF level:  10Level of learning:  Advanced        
ACC92110,Business Accounting (Online) (2020),Unit type: PG Coursework UnitCredit points: 12AQF level:  9Level of learning:  Intermediate        
ACC81210,Accounting for Managers (Online) (2020),Unit type: PG Coursework UnitCredit points: 12AQF level:  8Level of learning:  Introductory        
ACC93110,Managerial Accounting (Online) (2020),Unit type: PG Coursework UnitCredit points: 12AQF level:  9Level of learning:  Intermediate        
CMM73010,Epidemiology (2020),Unit type: UG Coursework UnitCredit points: 12AQF level:  7Level of learning:  Advanced        
SCI73020,Professional Experience in the Biomedical Setting (2020),Unit type: UG Coursework UnitCredit points: 24AQF level:  7Level of learning:  Advanced        
BIO72100,Clinical Microbiology (2020),Unit type: UG Coursework UnitCredit points: 12AQF level:  7Level of learning:  Intermediate        
BIO72025,Molecular Genetics (2020),Unit type: UG Coursework UnitCredit points: 12AQF level:  7Level of learning:  Intermediate        
BIO72050,Microbiology (2020),Unit type: UG Coursework UnitCredit points: 12AQF level:  7Level of learning:  Intermediate        
BIO73050,Clinical Biochemistry (2020),Unit type: UG Coursework UnitCredit points: 12AQF level:  7Level of learning:  Advanced        
BIO73020,Bioinformatics (2020),Unit type: UG Coursework UnitCredit points: 12AQF level:  7Level of learning:  Advanced        
MDC72010,Immunology (2020),Unit type: UG Coursework UnitCredit points: 12AQF level:  7Level of learning:  Intermediate        
ENI83005,Mechanical Systems Design (2020),Unit type: UG Coursework UnitCredit points: 12AQF level:  8Level of learning:  Intermediate        
ENI83015,Modern Internal Combustion Engines (2020),Unit type: UG Coursework UnitCredit points: 12AQF level:  8Level of learning:  Intermediate        
ENI73001,Dynamics of Machines (2020),Unit type: UG Coursework UnitCredit points: 12AQF level:  7Level of learning:  Advanced        
ENI83040,Control Systems and Automation (2020),Unit type: UG Coursework UnitCredit points: 12AQF level:  8Level of learning:  Advanced        
ENI73020,Fluids Engineering (2020),Unit type: UG Coursework UnitCredit points: 12AQF level:  7Level of learning:  Advanced        
ENI81005,"Energy, the Environment and Mechanical Engineering (2020)",Unit type: UG Coursework UnitCredit points: 12AQF level:  8Level of learning:  Introductory        
ENI73015,Electro-Mechanical and Robotics Technology (2020),Unit type: UG Coursework UnitCredit points: 12AQF level:  7Level of learning:  Advanced        
ENI82005,Thermal Engineering (2020),Unit type: UG Coursework UnitCredit points: 12AQF level:  7Level of learning:  Advanced        
ENI73009,Finite Element Method and Fracture Mechanics (2020),Unit type: UG Coursework UnitCredit points: 12AQF level:  7Level of learning:  Advanced        
ENI73005,Machine Element Design (2020),Unit type: UG Coursework UnitCredit points: 12AQF level:  7Level of learning:  Advanced        
ENI73025,Thermodynamics (2020),Unit type: UG Coursework UnitCredit points: 12AQF level:  7Level of learning:  Advanced        
ENI72005,Introduction to Mechanical Design and Manufacturing (2020),Unit type: UG Coursework UnitCredit points: 12AQF level:  7Level of learning:  Intermediate        
ENI72001,Dynamics (2020),Unit type: UG Coursework UnitCredit points: 12AQF level:  7Level of learning:  Intermediate        
LAW72001,Civil Litigation and Procedure (2020),Unit type: UG Coursework UnitCredit points: 12AQF level:  7Level of learning:  Intermediate        
LAW73003,Remedies (2020),Unit type: UG Coursework UnitCredit points: 12AQF level:  7Level of learning:  Advanced        
LAW72009,Principles of Equity (2020),Unit type: UG Coursework UnitCredit points: 12AQF level:  7Level of learning:  Advanced        
LAW72010,Property in Land (2020),Unit type: UG Coursework UnitCredit points: 12AQF level:  7Level of learning:  Intermediate        
LAW71005,Property Principles (2020),Unit type: UG Coursework UnitCredit points: 12AQF level:  7Level of learning:  Introductory        
LAW72005,Evidence (2020),Unit type: UG Coursework UnitCredit points: 12AQF level:  7Level of learning:  Advanced        
LAW72002,Torts (2020),Unit type: UG Coursework UnitCredit points: 12AQF level:  7Level of learning:  Intermediate        
MNG82210,Organisational Behaviour (Online) (2020),Unit type: PG Coursework UnitCredit points: 12AQF level:  8Level of learning:  Introductory        
MNG91210,Entrepreneurship and Marketing (Online) (2020),Unit type: PG Coursework UnitCredit points: 12AQF level:  9Level of learning:  Introductory        
BIO72130,Human Pathophysiology (2020),Unit type: UG Coursework UnitCredit points: 12AQF level:  7Level of learning:  Intermediate        
PHY71030,Introductory Physics and Maths for Health Sciences (2020),Unit type: UG Coursework UnitCredit points: 12AQF level:  7Level of learning:  Introductory        
CHE71010,Organic Chemistry (2020),Unit type: UG Coursework UnitCredit points: 12AQF level:  7Level of learning:  Introductory        
NRS82005,Transformative Clinical Practices (2020),Unit type: PG Coursework UnitCredit points: 24AQF level:  8Level of learning:  Intermediate        
NRS81002,Professional Practices (2020),Unit type: PG Coursework UnitCredit points: 12AQF level:  8Level of learning:  Introductory        
NRS81001,Nursing in the Australian Context (2020),Unit type: PG Coursework UnitCredit points: 12AQF level:  8Level of learning:  Introductory        
ENG10001,General English (2020),Unit type: Scheduled Hours Unit - Non-Award/Non-ReportableCredit points: 0AQF level:  0Level of learning:  Introductory        
PDT73006,Pedorthics Clinical Placement II (2020),Unit type: UG Coursework UnitCredit points: 24AQF level:  7Level of learning:  Advanced        
PDT73005,Pedorthics Clinical Placement I (2020),Unit type: UG Coursework UnitCredit points: 24AQF level:  7Level of learning:  Advanced        
ENG10002,English for Academic Purposes (2020),Unit type: Scheduled Hours Unit - Non-Award/Non-ReportableCredit points: 0AQF level:  0Level of learning:  Introductory        
CSC73010,Programming Mobile Systems (2020),Unit type: UG Coursework UnitCredit points: 12AQF level:  7Level of learning:  Advanced        
CMP73010,Managing Software Development (2020),Unit type: UG Coursework UnitCredit points: 12AQF level:  7Level of learning:  Advanced        
SOC03402,Doctor of Indigenous Philosophies Research Proposal (2020),Unit type: PG Coursework UnitCredit points: 24AQF level:  10Level of learning:  Advanced        
SOC89022,Doctor of Indigenous Philosophies Thesis (2020),Unit type: Doctoral Thesis (Category type 144 course)Credit points: 192AQF level:  10Level of learning:  Advanced        
SCI83013,Science Honours Thesis II (2020),Unit type: Hons UnitCredit points: 24AQF level:  8Level of learning:  Advanced        
PDT73007,Pedorthics Clinical Placement III (2020),Unit type: UG Coursework UnitCredit points: 24AQF level:  7Level of learning:  Advanced        
BHS83002,Advanced Topics in Professional Psychology (2020),Unit type: Hons UnitCredit points: 12AQF level:  8Level of learning:  Advanced        
MAT83002,Applied Research and Evaluation for the Psychological Scientist-Practitioner (2020),Unit type: Hons UnitCredit points: 12AQF level:  8Level of learning:  Advanced        
MAT83001,Analysis of Multivariate Behavioural Data (2020),Unit type: Hons UnitCredit points: 12AQF level:  8Level of learning:  Advanced        
IST00151,Independent Study,Unit type: UG Coursework UnitCredit points: 12AQF level:  7Level of learning:  Intermediate        
BHS83004,Psychology Honours Thesis II (2020),Unit type: Hons UnitCredit points: 24AQF level:  8Level of learning:  Advanced        
IST00152,Independent Study,Unit type: UG Coursework UnitCredit points: 12AQF level:  7Level of learning:  Intermediate        
BHS83001,Psychology Seminars (2020),Unit type: Hons UnitCredit points: 12AQF level:  8Level of learning:  Advanced        
BHS83003,Psychology Honours Thesis I (2020),Unit type: Hons UnitCredit points: 24AQF level:  8Level of learning:  Advanced        
PLN20003,Development Assessment Studio (2020),Unit type: UG Coursework UnitCredit points: 12AQF level:  7Level of learning:  Intermediate        
PLN20002,Settlements and Urban Design (2020),Unit type: UG Coursework UnitCredit points: 12AQF level:  7Level of learning:  Intermediate        
PLN20001,Land and Development Economics (2020),Unit type: UG Coursework UnitCredit points: 12AQF level:  7Level of learning:  Intermediate        
PLN10001,Rural and Regional Planning (2020),Unit type: UG Coursework UnitCredit points: 12AQF level:  7Level of learning:  Introductory        
EDU20003,Developing Quality Teaching for Students with Additional Support Needs (2020),Unit type: UG Coursework UnitCredit points: 12AQF level:  7Level of learning:  Intermediate        
PLN83003,Capstone Project (2020),Unit type: Hons UnitCredit points: 24AQF level:  8Level of learning:  Advanced        
PLN83002,Planning Thesis II (2020),Unit type: Hons UnitCredit points: 12AQF level:  8Level of learning:  Advanced        
PLN20005,Community Engagement (2020),Unit type: UG Coursework UnitCredit points: 12AQF level:  7Level of learning:  Intermediate        
PLN83001,Planning Thesis I (2020),Unit type: Hons UnitCredit points: 12AQF level:  8Level of learning:  Advanced        
PLN20004,Strategic Planning Studio (2020),Unit type: UG Coursework UnitCredit points: 12AQF level:  7Level of learning:  Intermediate        
PLN10002,Sustainability and Professional Ethics for Planners (2020),Unit type: UG Coursework UnitCredit points: 12AQF level:  7Level of learning:  Introductory        
EDU20002,Accountability and Collaboration (2020),Unit type: UG Coursework UnitCredit points: 12AQF level:  7Level of learning:  Intermediate        
NRS20006,Foundations to Nursing (2020),Unit type: UG Coursework UnitCredit points: 12AQF level:  7Level of learning:  Intermediate        
BIO20003,Intermediate Anatomy and Physiology (2020),Unit type: UG Coursework UnitCredit points: 12AQF level:  7Level of learning:  Intermediate        
NRS20005,Nursing Practices (2020),Unit type: UG Coursework UnitCredit points: 24AQF level:  7Level of learning:  Intermediate        
SCI83012,Science Honours Thesis I (2020),Unit type: Hons UnitCredit points: 24AQF level:  8Level of learning:  Advanced        
SCI83011,"Scientific Research, Context, Perspective and Method (2020)",Unit type: Hons UnitCredit points: 24AQF level:  8Level of learning:  Advanced        
ENG10010,Foundations: Language & Literacy (2020),Unit type: UG Coursework UnitCredit points: 12AQF level:  7Level of learning:  Introductory        
HLT83005,Diagnostic Intake Clinic: Advanced and Interdisciplinary Practice (Internal) (2020),Unit type: UG Coursework UnitCredit points: 12AQF level:  8Level of learning:  Advanced        
HLT83006,Accountability and Clinical Reasoning (2020),Unit type: UG Coursework UnitCredit points: 12AQF level:  8Level of learning:  Advanced        
MAT10002,Foundations: Mathematics and Numeracy (2020),Unit type: UG Coursework UnitCredit points: 12AQF level:  7Level of learning:  Introductory        
HLT83007,Health Promotion and Primary Health Care (2020),Unit type: UG Coursework UnitCredit points: 24AQF level:  8Level of learning:  Advanced        
LAW30005,Statutory Interpretation (2020),Unit type: UG Coursework UnitCredit points: 12AQF level:  7Level of learning:  Advanced        
HLT83004,Allied Health Honours Thesis II (2020),Unit type: Hons UnitCredit points: 12AQF level:  8Level of learning:  Advanced        
TRM20001,Tourist Behaviour and Interactions (2020),Unit type: UG Coursework UnitCredit points: 12AQF level:  7Level of learning:  Intermediate        
HLT83003,Allied Health Honours Thesis I (2020),Unit type: Hons UnitCredit points: 24AQF level:  8Level of learning:  Advanced        
MKT20001,"Marketing and Promotion for Sport, Exercise and Allied Health (2020)",Unit type: UG Coursework UnitCredit points: 12AQF level:  7Level of learning:  Intermediate        
COM61001,Pop: Encounters with the Arts and Humanities (2020),Unit type: UG Coursework UnitCredit points: 12AQF level:  6Level of learning:  Introductory        
EDU30006,Science and Technology Education: Curriculum and Pedagogy (2020),Unit type: UG Coursework UnitCredit points: 12AQF level:  7Level of learning:  Advanced        
EDU20006,Creative Arts Education: Curriculum and Pedagogy (2020),Unit type: UG Coursework UnitCredit points: 12AQF level:  7Level of learning:  Introductory        
EDU20010,"Personal Development, Health and Physical Education: Curriculum and Pedagogy (2020)",Unit type: UG Coursework UnitCredit points: 12AQF level:  7Level of learning:  Intermediate        
CAR10003,Foundations: The Arts (2020),Unit type: UG Coursework UnitCredit points: 12AQF level:  7Level of learning:  Introductory        
EDU30005,Mathematics Education: Issues (2020),Unit type: UG Coursework UnitCredit points: 12AQF level:  7Level of learning:  Advanced        
SCI10003,Foundations: Science and Technology (2020),Unit type: UG Coursework UnitCredit points: 12AQF level:  7Level of learning:  Introductory        
HEA10003,"Foundations: Personal Development, Health and Physical Education (2020)",Unit type: UG Coursework UnitCredit points: 12AQF level:  7Level of learning:  Introductory        
HUM10001,Foundations: Human Society and its Environments (2020),Unit type: UG Coursework UnitCredit points: 12AQF level:  7Level of learning:  Introductory        
EDU20008,Human Society and its Environments: Curriculum and Pedagogy (2020),Unit type: UG Coursework UnitCredit points: 12AQF level:  7Level of learning:  Intermediate        
EDU20009,Mathematics Education: Curriculum and Pedagogy (2020),Unit type: UG Coursework UnitCredit points: 12AQF level:  7Level of learning:  Intermediate        
EDU30004,English Education: Issues (2020),Unit type: UG Coursework UnitCredit points: 12AQF level:  7Level of learning:  Advanced        
EDU20007,English Education: Curriculum and Pedagogy (2020),Unit type: UG Coursework UnitCredit points: 12AQF level:  7Level of learning:  Intermediate        
ENG10004,Foundations: English (2020),Unit type: UG Coursework UnitCredit points: 12AQF level:  7Level of learning:  Introductory        
EDU30008,Advanced Secondary Curriculum Pedagogy II (2020),Unit type: UG Coursework UnitCredit points: 12AQF level:  7Level of learning:  Advanced        
EDU83003,Inclusive Teaching (2020),Unit type: PG Coursework UnitCredit points: 12AQF level:  8Level of learning:  Advanced        
EDU83001,Learning and Support Frameworks (2020),Unit type: PG Coursework UnitCredit points: 12AQF level:  8Level of learning:  Introductory        
EDU81002,The Learning Environment (2020),Unit type: PG Coursework UnitCredit points: 12AQF level:  8Level of learning:  Introductory        
TCH83001,Professional Experience II: Evaluation to Improve Teaching Practice (2020),Unit type: PG Coursework UnitCredit points: 12AQF level:  8Level of learning:  Advanced        
EDU83002,"Curriculum, Assessment and Technology (2020)",Unit type: PG Coursework UnitCredit points: 12AQF level:  8Level of learning:  Advanced        
TCH81001,Professional Experience in Early Childhood Education I: Pre-schoolers (2020),Unit type: PG Coursework UnitCredit points: 12AQF level:  8Level of learning:  Introductory        
EDU81003,Learning through Literacy and Numeracy (2020),Unit type: PG Coursework UnitCredit points: 12AQF level:  8Level of learning:  Introductory        
EDU30007,Advanced Secondary Curriculum Pedagogy I (2020),Unit type: UG Coursework UnitCredit points: 12AQF level:  7Level of learning:  Advanced        
EDU20001,"Literacy, Assessment and Information & Communication Technology (2020)",Unit type: UG Coursework UnitCredit points: 12AQF level:  7Level of learning:  Intermediate        
TCH81003,Professional Experience I: Enhancing Student Learning (2020),Unit type: PG Coursework UnitCredit points: 12AQF level:  8Level of learning:  Introductory        
TCH82002,Principles and Practice in Early Childhood Education (2020),Unit type: PG Coursework UnitCredit points: 12AQF level:  8Level of learning:  Intermediate        
TCH81002,Play and Pedagogies in Early Childhood Education (2020),Unit type: PG Coursework UnitCredit points: 12AQF level:  8Level of learning:  Introductory        
TCH82001,Professional Experience in Early Childhood Education II: Infants and Toddlers (2020),Unit type: PG Coursework UnitCredit points: 12AQF level:  8Level of learning:  Intermediate        
EDU81001,Understanding Children and Adolescents (2020),Unit type: PG Coursework UnitCredit points: 12AQF level:  8Level of learning:  Introductory        
EDU93002,Extended Research Project (2020),Unit type: PG Coursework UnitCredit points: 24AQF level:  9Level of learning:  Advanced        
MNG91002,Entrepreneurship (2020),Unit type: PG Coursework UnitCredit points: 12AQF level:  9Level of learning:  Introductory        
CMP91020,Emerging Technology in Business (2020),Unit type: PG Coursework UnitCredit points: 12AQF level:  9Level of learning:  Introductory        
ISY91015,Information Systems Analysis and Design (2020),Unit type: PG Coursework UnitCredit points: 12AQF level:  9Level of learning:  Introductory        
MNG10719,Organisational Behaviour: Power and the Human Resource Management Activist (2020),Unit type: UG Coursework UnitCredit points: 12AQF level:  7Level of learning:  Advanced        
MNG10718,Strategic Architecture of Organisations (2020),Unit type: UG Coursework UnitCredit points: 12AQF level:  7Level of learning:  Advanced        
MNG10717,Culture and Change Implementation (2020),Unit type: UG Coursework UnitCredit points: 12AQF level:  7Level of learning:  Advanced        
MNG10716,Organisational Stakeholder Management (2020),Unit type: UG Coursework UnitCredit points: 12AQF level:  7Level of learning:  Advanced        
MNG10715,Designing Workforces for Human Resource Management (2020),Unit type: UG Coursework UnitCredit points: 12AQF level:  7Level of learning:  Intermediate        
MNG10714,The Human Resource Management Expert Practitioner (2020),Unit type: UG Coursework UnitCredit points: 12AQF level:  7Level of learning:  Intermediate        
MNG10713,Understanding the Business Environment (2020),Unit type: UG Coursework UnitCredit points: 12AQF level:  7Level of learning:  Intermediate        
MNG10697,Aviation Management (2020),Unit type: UG Coursework UnitCredit points: 12AQF level:  7Level of learning:  Advanced        
MNG10696,International Tourism Destinations (2020),Unit type: UG Coursework UnitCredit points: 12AQF level:  7Level of learning:  Intermediate        
MNG10476,Professional Development for the Workplace (2020),Unit type: UG Coursework UnitCredit points: 12AQF level:  7Level of learning:  Intermediate        
MNG10291,The Cruise Business (2020),Unit type: UG Coursework UnitCredit points: 12AQF level:  7Level of learning:  Intermediate        
MNG10253,Sustainable Business Management (2020),Unit type: UG Coursework UnitCredit points: 12AQF level:  7Level of learning:  Advanced        
MNG10247,Managing Organisations (2020),Unit type: UG Coursework UnitCredit points: 12AQF level:  7Level of learning:  Introductory        
MNG10228,Production Management for Conventions and Events (2020),Unit type: UG Coursework UnitCredit points: 12AQF level:  7Level of learning:  Intermediate        
MNG10226,Event Operations Management (2020),Unit type: UG Coursework UnitCredit points: 12AQF level:  7Level of learning:  Intermediate        
MNG10002,Introduction to Professional Practice (2020),Unit type: UG Coursework UnitCredit points: 12AQF level:  7Level of learning:  Introductory        
MNG03419,Gastronomic Tourism (2020),Unit type: PG Coursework UnitCredit points: 12AQF level:  9Level of learning:  Introductory        
MNG03237,Tourism and Hotel Internship (2020),Unit type: PG Coursework UnitCredit points: 24AQF level:  9Level of learning:  Advanced        
MNG03236,Business Professional Development (2020),Unit type: PG Coursework UnitCredit points: 12AQF level:  9Level of learning:  Introductory        
MNG03218,Managing Information Systems (2020),Unit type: PG Coursework UnitCredit points: 12AQF level:  9Level of learning:  Advanced        
LAW10069,Veterans Law I (2020),Unit type: UG Coursework UnitCredit points: 12AQF level:  7Level of learning:  Intermediate        
LAW10068,Law and Government Decision Making (2020),Unit type: UG Coursework UnitCredit points: 12AQF level:  7Level of learning:  Intermediate        
LAW10004,Australian Criminal Law II (2020),Unit type: UG Coursework UnitCredit points: 12AQF level:  7Level of learning:  Intermediate        
LAW10003,Contract Law II (2020),Unit type: UG Coursework UnitCredit points: 12AQF level:  7Level of learning:  Intermediate        
LAW10002,Australian Criminal Law I (2020),Unit type: UG Coursework UnitCredit points: 12AQF level:  7Level of learning:  Introductory        
LAW10001,Contract Law I (2020),Unit type: UG Coursework UnitCredit points: 12AQF level:  7Level of learning:  Introductory        
LAW01125,Stock Exchange and Finance Law (2020),Unit type: UG Coursework UnitCredit points: 12AQF level:  7Level of learning:  Intermediate        
LAW00720,Legal Studies (2020),Unit type: PG Coursework UnitCredit points: 12AQF level:  8Level of learning:  Introductory        
LAW00529,Restorative Justice (2020),Unit type: UG Coursework UnitCredit points: 12AQF level:  7Level of learning:  Intermediate        
LAW00527,Corporations Law (2020),Unit type: UG Coursework UnitCredit points: 12AQF level:  7Level of learning:  Intermediate        
LAW00526,International Criminal Justice (2020),Unit type: UG Coursework UnitCredit points: 12AQF level:  7Level of learning:  Advanced        
LAW00525,Cyberlaw (2020),Unit type: UG Coursework UnitCredit points: 12AQF level:  7Level of learning:  Intermediate        
LAW00524,Independent Legal Research (2020),Unit type: UG Coursework UnitCredit points: 12AQF level:  8Level of learning:  Advanced        
LAW00523,Commercial Law (2020),Unit type: UG Coursework UnitCredit points: 12AQF level:  7Level of learning:  Intermediate        
LAW00522,Human Rights (2020),Unit type: UG Coursework UnitCredit points: 12AQF level:  7Level of learning:  Advanced        
LAW00521,International Law (2020),Unit type: UG Coursework UnitCredit points: 12AQF level:  7Level of learning:  Intermediate        
LAW00520,The Philosophy of Law (2020),Unit type: UG Coursework UnitCredit points: 12AQF level:  7Level of learning:  Intermediate        
LAW00519,Professional Conduct (2020),Unit type: UG Coursework UnitCredit points: 12AQF level:  7Level of learning:  Advanced        
LAW00516,Advanced Advocacy (2020),Unit type: UG Coursework UnitCredit points: 12AQF level:  7Level of learning:  Intermediate        
LAW00514,Criminology (2020),Unit type: UG Coursework UnitCredit points: 12AQF level:  7Level of learning:  Intermediate        
LAW00216,Mediation Practice and Procedure (2020),Unit type: UG Coursework UnitCredit points: 12AQF level:  7Level of learning:  Intermediate        
LAW00214,Mediation and Dispute Resolution (2020),Unit type: UG Coursework UnitCredit points: 12AQF level:  7Level of learning:  Introductory        
LAW00150,Introduction to Business Law (2020),Unit type: UG Coursework UnitCredit points: 12AQF level:  7Level of learning:  Introductory        
LAW00128,"Interviewing, Negotiation and Ethics (2020)",Unit type: UG Coursework UnitCredit points: 12AQF level:  7Level of learning:  Introductory        
LAW00126,Competition and Consumer Law (2020),Unit type: UG Coursework UnitCredit points: 12AQF level:  7Level of learning:  Intermediate        
LAW00125,Information Technology and the Law (2020),Unit type: UG Coursework UnitCredit points: 12AQF level:  7Level of learning:  Advanced        
LAW00124,International Business Law (2020),Unit type: UG Coursework UnitCredit points: 12AQF level:  7Level of learning:  Intermediate        
LAW00123,Law Placement (2020),Unit type: UG Coursework UnitCredit points: 12AQF level:  7Level of learning:  Advanced        
LAW00122,Clinical Legal Experience (2020),Unit type: UG Coursework UnitCredit points: 12AQF level:  7Level of learning:  Intermediate        
LAW00121,Intellectual Property (2020),Unit type: UG Coursework UnitCredit points: 12AQF level:  7Level of learning:  Advanced        
LAW00120,Victimology (2020),Unit type: UG Coursework UnitCredit points: 12AQF level:  7Level of learning:  Intermediate        
LAW00118,Environmental Law (2020),Unit type: UG Coursework UnitCredit points: 12AQF level:  7Level of learning:  Intermediate        
LAW00117,Administrative Law (2020),Unit type: UG Coursework UnitCredit points: 12AQF level:  7Level of learning:  Advanced        
LAW00116,Property Law (2020),Unit type: UG Coursework UnitCredit points: 12AQF level:  7Level of learning:  Intermediate        
LAW00115,Equity (2020),Unit type: UG Coursework UnitCredit points: 12AQF level:  7Level of learning:  Intermediate        
LAW00114,Evidence and Civil Procedure (2020),Unit type: UG Coursework UnitCredit points: 12AQF level:  7Level of learning:  Intermediate        
LAW00112,Constitutional Law (2020),Unit type: UG Coursework UnitCredit points: 12AQF level:  7Level of learning:  Intermediate        
LAW00111,Legal Process (2020),Unit type: UG Coursework UnitCredit points: 12AQF level:  7Level of learning:  Introductory        
LAW00108,Legal and Conveyancing Practice (2020),Unit type: UG Coursework UnitCredit points: 12AQF level:  7Level of learning:  Introductory        
LAW00107,Conveyancers Professional Practice (2020),Unit type: UG Coursework UnitCredit points: 12AQF level:  7Level of learning:  Intermediate        
HMS00423,Sustainable Tourism (2020),Unit type: UG Coursework UnitCredit points: 12AQF level:  7Level of learning:  Intermediate        
HMS00328,Motor Learning (2020),Unit type: UG Coursework UnitCredit points: 12AQF level:  7Level of learning:  Intermediate        
HMS00223,Professional Preparation (2020),Unit type: UG Coursework UnitCredit points: 12AQF level:  7Level of learning:  Advanced        
HMS00203,Sports Conditioning and Training Methods (2020),Unit type: UG Coursework UnitCredit points: 12AQF level:  7Level of learning:  Intermediate        
HLT30002,Clinics in Multimodal Intervention: Internal (2020),Unit type: UG Coursework UnitCredit points: 12AQF level:  7Level of learning:  Advanced        
HLT30001,Simulated and Actual Internal Clinics: Mixed Caseload (2020),Unit type: UG Coursework UnitCredit points: 12AQF level:  7Level of learning:  Advanced        
HLT10601,Transition to Professional Practice (2020),Unit type: UG Coursework UnitCredit points: 12AQF level:  7Level of learning:  Advanced        
HLT10600,Advanced Fieldwork (2020),Unit type: UG Coursework UnitCredit points: 36AQF level:  7Level of learning:  Advanced        
HLT10597,Mental Function (Psychosocial) Assessments and Interventions (2020),Unit type: UG Coursework UnitCredit points: 12AQF level:  7Level of learning:  Advanced        
HLT10596,Work and Employment Occupations (2020),Unit type: UG Coursework UnitCredit points: 12AQF level:  7Level of learning:  Advanced        
HLT10595,"Education, Leisure and Play Occupations (2020)",Unit type: UG Coursework UnitCredit points: 12AQF level:  7Level of learning:  Advanced        
HLT10594,Evaluation of Occupational Therapy Programs (2020),Unit type: UG Coursework UnitCredit points: 12AQF level:  7Level of learning:  Advanced        
HLT10593,Mental Function (Cognition) Assessments and Interventions (2020),Unit type: UG Coursework UnitCredit points: 12AQF level:  7Level of learning:  Advanced        
HLT10592,Occupational Therapy Theory and Practice (2020),Unit type: UG Coursework UnitCredit points: 12AQF level:  7Level of learning:  Advanced        
HLT10591,Regional Rural Remote Fieldwork (2020),Unit type: UG Coursework UnitCredit points: 12AQF level:  7Level of learning:  Intermediate        
HLT10590,Home and Community Occupations (2020),Unit type: UG Coursework UnitCredit points: 12AQF level:  7Level of learning:  Intermediate        
HLT10589,Lifespan Development and Occupational Transitions (2020),Unit type: UG Coursework UnitCredit points: 12AQF level:  7Level of learning:  Intermediate        
HLT10588,Musculoskeletal and Reduced Energy Assessments and Interventions (2020),Unit type: UG Coursework UnitCredit points: 12AQF level:  7Level of learning:  Intermediate        
HLT10586,Learning and Applying Knowledge for Individuals and Groups (2020),Unit type: UG Coursework UnitCredit points: 12AQF level:  7Level of learning:  Intermediate        
HLT10585,Sensory Motor Assessments and Interventions (2020),Unit type: UG Coursework UnitCredit points: 12AQF level:  7Level of learning:  Intermediate        
HLT10584,Mobility and Personal Care Occupations (2020),Unit type: UG Coursework UnitCredit points: 12AQF level:  7Level of learning:  Introductory        
HLT10582,Introduction to Occupational Therapy and Human Occupations (2020),Unit type: UG Coursework UnitCredit points: 12AQF level:  7Level of learning:  Introductory        
HLT10486,Osteopathic Studies VI (2020),Unit type: UG Coursework UnitCredit points: 12AQF level:  7Level of learning:  Advanced        
HLT10485,Osteopathic Studies V (2020),Unit type: UG Coursework UnitCredit points: 12AQF level:  7Level of learning:  Advanced        
HLT10484,Osteopathic Studies IV (2020),Unit type: UG Coursework UnitCredit points: 12AQF level:  7Level of learning:  Advanced        
HLT10483,Osteopathic Studies III (2020),Unit type: UG Coursework UnitCredit points: 12AQF level:  7Level of learning:  Intermediate        
HLT10482,Osteopathic Studies II (2020),Unit type: UG Coursework UnitCredit points: 12AQF level:  7Level of learning:  Intermediate        
HLT10481,Osteopathic Studies I (2020),Unit type: UG Coursework UnitCredit points: 12AQF level:  7Level of learning:  Introductory        
HIS10726,Australian Cultural History (2020),Unit type: UG Coursework UnitCredit points: 12AQF level:  7Level of learning:  Intermediate        
HIS10725,US History: From Reconstruction to Globalization (2020),Unit type: UG Coursework UnitCredit points: 12AQF level:  7Level of learning:  Introductory        
HIS10018,"Writing Place: Landscapes, Memory, History (2020)",Unit type: UG Coursework UnitCredit points: 12AQF level:  7Level of learning:  Intermediate        
HIS10016,Making History (2020),Unit type: UG Coursework UnitCredit points: 12AQF level:  7Level of learning:  Introductory        
HIS00235,Community History Research Project (2020),Unit type: UG Coursework UnitCredit points: 12AQF level:  7Level of learning:  Advanced        
HEA10001,Introduction to Science for Health Professions (2020),Unit type: UG Coursework UnitCredit points: 12AQF level:  6Level of learning:  Introductory        
HEA00332,Exercise Psychology (2020),Unit type: UG Coursework UnitCredit points: 12AQF level:  7Level of learning:  Intermediate        
HEA00331,Principles of Behaviour in Physical Activity (2020),Unit type: UG Coursework UnitCredit points: 12AQF level:  7Level of learning:  Introductory        
GLY03113,Geographical Information Systems (2020),Unit type: PG Coursework UnitCredit points: 12AQF level:  9Level of learning:  Intermediate        
GLY00232,Coastal Biogeochemistry (2020),Unit type: UG Coursework UnitCredit points: 12AQF level:  7Level of learning:  Intermediate        
GLY00223,Introduction to Geographic Information Systems (2020),Unit type: UG Coursework UnitCredit points: 12AQF level:  7Level of learning:  Intermediate        
GLY00201,Earth Systems I: The Lithosphere (2020),Unit type: UG Coursework UnitCredit points: 12AQF level:  7Level of learning:  Introductory        
FOR03107,Plantation Silviculture (2020),Unit type: PG Coursework UnitCredit points: 12AQF level:  9Level of learning:  Advanced        
FOR03083,Measuring Trees and Forests (2020),Unit type: PG Coursework UnitCredit points: 12AQF level:  9Level of learning:  Advanced        
FOR00112,Product Development and Marketing (2020),Unit type: UG Coursework UnitCredit points: 12AQF level:  8Level of learning:  Intermediate        
FOR00110,Natural Resources Policy (2020),Unit type: UG Coursework UnitCredit points: 12AQF level:  7Level of learning:  Intermediate        
FOR00106,Wood Science and Utilisation (2020),Unit type: UG Coursework UnitCredit points: 12AQF level:  7Level of learning:  Intermediate        
FOR00105,Plantation Silviculture (2020),Unit type: UG Coursework UnitCredit points: 12AQF level:  7Level of learning:  Intermediate        
FOR00102,Measuring Trees and Forests (2020),Unit type: UG Coursework UnitCredit points: 12AQF level:  7Level of learning:  Intermediate        
FOR00101,Plant Physiology and Ecology (2020),Unit type: UG Coursework UnitCredit points: 12AQF level:  7Level of learning:  Intermediate        
FOR00100,Fire Ecology and Management (2020),Unit type: UG Coursework UnitCredit points: 12AQF level:  7Level of learning:  Intermediate        
FIN10712,Financial Risk Management (2020),Unit type: UG Coursework UnitCredit points: 12AQF level:  7Level of learning:  Advanced        
FIN10711,Portfolio Management (2020),Unit type: UG Coursework UnitCredit points: 12AQF level:  7Level of learning:  Advanced        
FIN10709,Foundations of Finance (2020),Unit type: UG Coursework UnitCredit points: 12AQF level:  7Level of learning:  Intermediate        
FIN10708,Finance and Investment for Business (2020),Unit type: UG Coursework UnitCredit points: 12AQF level:  7Level of learning:  Intermediate        
FIN10254,"Financial Institutions, Instruments and Markets (2020)",Unit type: UG Coursework UnitCredit points: 12AQF level:  7Level of learning:  Advanced        
FIN10252,Financial Planning (2020),Unit type: UG Coursework UnitCredit points: 12AQF level:  7Level of learning:  Advanced        
FIN00126,International Finance (2020),Unit type: UG Coursework UnitCredit points: 12AQF level:  7Level of learning:  Advanced        
ENV10702,Food Ecology (2020),Unit type: UG Coursework UnitCredit points: 12AQF level:  7Level of learning:  Introductory        
ENV10656,Extension and Professional Practice in Natural Resource Management (2020),Unit type: UG Coursework UnitCredit points: 12AQF level:  7Level of learning:  Advanced        
ENV03398,Environment and Development (2020),Unit type: PG Coursework UnitCredit points: 12AQF level:  9Level of learning:  Advanced        
ENV00224,Internship Study (2020),Unit type: UG Coursework UnitCredit points: 24AQF level:  7Level of learning:  Advanced        
ENS00203,Earth Systems II: The Hydrosphere (2020),Unit type: UG Coursework UnitCredit points: 12AQF level:  7Level of learning:  Introductory        
ENP10646,Food Technology as an Enterprise (2020),Unit type: UG Coursework UnitCredit points: 12AQF level:  7Level of learning:  Intermediate        
MUS72007,Specialist Studies IV (2020),Unit type: UG Coursework UnitCredit points: 12AQF level:  7Level of learning:  Intermediate        
MUS72006,Specialist Studies III (2020),Unit type: UG Coursework UnitCredit points: 12AQF level:  7Level of learning:  Intermediate        
MUS71008,Specialist Studies II (2020),Unit type: UG Coursework UnitCredit points: 12AQF level:  7Level of learning:  Introductory        
MUS73015,Creative Music Practice V (2020),Unit type: UG Coursework UnitCredit points: 12AQF level:  7Level of learning:  Advanced        
MUS71002,Musicianship II (2020),Unit type: UG Coursework UnitCredit points: 12AQF level:  7Level of learning:  Introductory        
MUS71001,Musicianship I (2020),Unit type: UG Coursework UnitCredit points: 12AQF level:  7Level of learning:  Introductory        
MUS71010,Instrumental Techniques I (2020),Unit type: UG Coursework UnitCredit points: 12AQF level:  7Level of learning:  Introductory        
MUS73001,The Portfolio Career Musician (2020),Unit type: UG Coursework UnitCredit points: 12AQF level:  7Level of learning:  Advanced        
MUS72003,Musicianship III (2020),Unit type: UG Coursework UnitCredit points: 12AQF level:  7Level of learning:  Intermediate        
MNG72005,International Business (2020),Unit type: UG Coursework UnitCredit points: 12AQF level:  7Level of learning:  Advanced        
CMM91025,Social and Emotional Competence in the Workplace (2020),Unit type: PG Coursework UnitCredit points: 12AQF level:  9Level of learning:  Introductory        
CMM91010,Healthcare Professional Portfolio A (2020),Unit type: PG Coursework UnitCredit points: 12AQF level:  9Level of learning:  Introductory        
HEA93001,Leading Change in Healthcare (2020),Unit type: PG Coursework UnitCredit points: 12AQF level:  9Level of learning:  Advanced        
HEA93020,Principles and Practice of Clinical Accountability (2020),Unit type: PG Coursework UnitCredit points: 12AQF level:  9Level of learning:  Advanced        
CMM93002,Leadership and Management in Health (2020),Unit type: PG Coursework UnitCredit points: 12AQF level:  9Level of learning:  Intermediate        
GLY93010,Frontiers in Marine Science II,Unit type: PG Coursework UnitCredit points: 12AQF level:  9Level of learning:  Advanced        
MNG93218,Industry Research Project: Part B (2020),Unit type: PG Coursework UnitCredit points: 12AQF level:  9Level of learning:  Advanced        
MNG91214,Strategic Knowledge Management (Online) (2020),Unit type: PG Coursework UnitCredit points: 12AQF level:  9Level of learning:  Introductory        
MNG93217,Industry Research Project: Part A (2020),Unit type: PG Coursework UnitCredit points: 12AQF level:  9Level of learning:  Advanced        
MNG91215,Organisational Change and Development (Online) (2020),Unit type: PG Coursework UnitCredit points: 12AQF level:  9Level of learning:  Introductory        
FOR03105,Fire Ecology and Management (2020),Unit type: PG Coursework UnitCredit points: 12AQF level:  9Level of learning:  Advanced        
FOR03085,Native Forests Silviculture (2020),Unit type: PG Coursework UnitCredit points: 12AQF level:  9Level of learning:  Advanced        
FOR03081,Forest Health: Pest and Disease Management (2020),Unit type: PG Coursework UnitCredit points: 12AQF level:  9Level of learning:  Intermediate        
FOR00107,Forest Health: Pest and Disease Management (2020),Unit type: UG Coursework UnitCredit points: 12AQF level:  7Level of learning:  Intermediate        
FOR00103,Native Forest Silviculture (2020),Unit type: UG Coursework UnitCredit points: 12AQF level:  7Level of learning:  Intermediate        
ENV00207,Environmental Planning (2020),Unit type: UG Coursework UnitCredit points: 12AQF level:  7Level of learning:  Intermediate        
ENS00218,Waste Technology (2020),Unit type: UG Coursework UnitCredit points: 12AQF level:  7Level of learning:  Intermediate        
BIO03099,Marine Pollution (2020),Unit type: PG Coursework UnitCredit points: 12AQF level:  9Level of learning:  Advanced        
FOR03106,Plant Physiology and Ecology (2020),Unit type: PG Coursework UnitCredit points: 12AQF level:  9Level of learning:  Intermediate        
WRI20004,Writing Lives (2020),Unit type: UG Coursework UnitCredit points: 12AQF level:  7Level of learning:  Intermediate        
WRI20003,Writing Poetry (2020),Unit type: UG Coursework UnitCredit points: 12AQF level:  7Level of learning:  Intermediate        
WRI20002,Introduction to Editing and Publishing (2020),Unit type: UG Coursework UnitCredit points: 12AQF level:  7Level of learning:  Advanced        
WRI20001,Writing for Young People (2020),Unit type: UG Coursework UnitCredit points: 12AQF level:  7Level of learning:  Intermediate        
WRI10003,Short Story Writing (2020),Unit type: UG Coursework UnitCredit points: 12AQF level:  7Level of learning:  Intermediate        
WRI10002,"The Nature of Narrative: Self, Time, Place and the Environment (2020)",Unit type: UG Coursework UnitCredit points: 12AQF level:  7Level of learning:  Intermediate        
WRI10001,Introduction to Creative Writing (2020),Unit type: UG Coursework UnitCredit points: 12AQF level:  7Level of learning:  Introductory        
WEL91007,Social Work Field Placement Ib (2020),Unit type: PG Coursework UnitCredit points: 12AQF level:  9Level of learning:  Intermediate        
WEL91006,Social Work Field Placement Ia (2020),Unit type: PG Coursework UnitCredit points: 24AQF level:  9Level of learning:  Intermediate        
WEL91005,Social Work Direct Practice II (2020),Unit type: PG Coursework UnitCredit points: 12AQF level:  9Level of learning:  Intermediate        
WEL91004,Social Work Direct Practice I (2020),Unit type: PG Coursework UnitCredit points: 12AQF level:  9Level of learning:  Introductory        
WEL91003,Social Work Foundations for Practice (2020),Unit type: PG Coursework UnitCredit points: 12AQF level:  9Level of learning:  Introductory        
WEL91002,Social Policy and Law for Social Work (2020),Unit type: PG Coursework UnitCredit points: 12AQF level:  9Level of learning:  Introductory        
TCH10709,Introduction to Secondary Teaching (2020),Unit type: UG Coursework UnitCredit points: 12AQF level:  7Level of learning:  Introductory        
TCH10522,Education and Care II: Infants and Toddlers (2020),Unit type: UG Coursework UnitCredit points: 12AQF level:  7Level of learning:  Advanced        
TCH10521,Education and Care I: Preschoolers (2020),Unit type: UG Coursework UnitCredit points: 12AQF level:  7Level of learning:  Introductory        
TCH10519,Leadership and Advocacy in Early Childhood (2020),Unit type: UG Coursework UnitCredit points: 12AQF level:  7Level of learning:  Advanced        
TCH10518,Early Childhood Matters (2020),Unit type: UG Coursework UnitCredit points: 12AQF level:  7Level of learning:  Advanced        
TCH10517,Early Childhood Principles and Practice (2020),Unit type: UG Coursework UnitCredit points: 12AQF level:  7Level of learning:  Introductory        
TCH10515,Play and Pedagogies in the Early Years (2020),Unit type: UG Coursework UnitCredit points: 12AQF level:  7Level of learning:  Introductory        
TCH10175,Curriculum Specialisation: English II (2020),Unit type: UG Coursework UnitCredit points: 12AQF level:  7Level of learning:  Advanced        
TCH10174,Curriculum Specialisation: English I (2020),Unit type: UG Coursework UnitCredit points: 12AQF level:  7Level of learning:  Intermediate        
TCH10008,Curriculum Specialisation: Human Society and its Environment II (2020),Unit type: UG Coursework UnitCredit points: 12AQF level:  7Level of learning:  Advanced        
TCH10007,Curriculum Specialisation: Human Society and its Environment I (2020),Unit type: UG Coursework UnitCredit points: 12AQF level:  7Level of learning:  Intermediate        
TCH10005,Positive Behaviour Support (2020),Unit type: UG Coursework UnitCredit points: 12AQF level:  7Level of learning:  Intermediate        
TCH03412,Being a Researcher: Career Development and Planning (2020),Unit type: PG Coursework UnitCredit points: 12AQF level:  8Level of learning:  Introductory        
TCH03410,Community Engagement: Scholarship and Practice (2020),Unit type: PG Coursework UnitCredit points: 12AQF level:  8Level of learning:  Introductory        
TCH03194,Assessment and Learning in Higher Education (2020),Unit type: PG Coursework UnitCredit points: 12AQF level:  8Level of learning:  Advanced        
TCH03193,Foundations of Academic Practice in Higher Education (2020),Unit type: PG Coursework UnitCredit points: 12AQF level:  8Level of learning:  Introductory        
SUR00201,Environmental Mapping (2020),Unit type: UG Coursework UnitCredit points: 12AQF level:  7Level of learning:  Introductory        
SPT40002,Assessment and Intervention of Communication and Swallowing: Clinical Cases (2020),Unit type: UG Coursework UnitCredit points: 12AQF level:  7Level of learning:  Advanced        
SPT40001,Assessment and Intervention of Communication and Swallowing: Clinical Placements (2020),Unit type: UG Coursework UnitCredit points: 24AQF level:  7Level of learning:  Advanced        
SPT30004,Fluency: Theory and Practice (2020),Unit type: UG Coursework UnitCredit points: 12AQF level:  7Level of learning:  Intermediate        
SPT30003,Language in Adults: Theory and Practice (2020),Unit type: UG Coursework UnitCredit points: 12AQF level:  7Level of learning:  Intermediate        
SPT30002,Neurogenic Speech Disorders in Adults and Children (2020),Unit type: UG Coursework UnitCredit points: 12AQF level:  7Level of learning:  Intermediate        
SPT20007,Working in Culturally and Linguistically Diverse Contexts and in Rural and Remote Settings (2020),Unit type: UG Coursework UnitCredit points: 12AQF level:  7Level of learning:  Intermediate        
SPT20006,Paediatric Speech and Language Internal Clinic (2020),Unit type: UG Coursework UnitCredit points: 12AQF level:  7Level of learning:  Intermediate        
SPT20005,"Speech, Voice and Hearing Sciences (2020)",Unit type: UG Coursework UnitCredit points: 12AQF level:  7Level of learning:  Intermediate        
SPT20004,Neurology for Speech Pathology (2020),Unit type: UG Coursework UnitCredit points: 12AQF level:  7Level of learning:  Introductory        
SPT20003,Appraising and Applying Research Findings Across Disciplines (2020),Unit type: UG Coursework UnitCredit points: 12AQF level:  7Level of learning:  Intermediate        
SPT20002,"Speech, Language and Literacy in Children: Theory and Practice (2020)",Unit type: UG Coursework UnitCredit points: 12AQF level:  7Level of learning:  Intermediate        
SPT10002,Phonetics and Linguistics for Speech Pathology (2020),Unit type: UG Coursework UnitCredit points: 12AQF level:  7Level of learning:  Introductory        
SPT10001,Introduction to the Speech Pathology Profession (2020),Unit type: UG Coursework UnitCredit points: 12AQF level:  7Level of learning:  Introductory        
SOY10114,Independent Project (2020),Unit type: UG Coursework UnitCredit points: 12AQF level:  7Level of learning:  Advanced        
